{
  "hash": "12ccb121",
  "configHash": "a617935e",
  "lockfileHash": "0abfd767",
  "browserHash": "bc55b83b",
  "optimized": {
    "@angular/common": {
      "src": "../../../../../node_modules/@angular/common/fesm2022/common.mjs",
      "file": "@angular_common.js",
      "fileHash": "151e9f61",
      "needsInterop": false
    },
    "@angular/common/http": {
      "src": "../../../../../node_modules/@angular/common/fesm2022/http.mjs",
      "file": "@angular_common_http.js",
      "fileHash": "5bf8e561",
      "needsInterop": false
    },
    "@angular/core": {
      "src": "../../../../../node_modules/@angular/core/fesm2022/core.mjs",
      "file": "@angular_core.js",
      "fileHash": "e1c8482e",
      "needsInterop": false
    },
    "@angular/forms": {
      "src": "../../../../../node_modules/@angular/forms/fesm2022/forms.mjs",
      "file": "@angular_forms.js",
      "fileHash": "3edca57e",
      "needsInterop": false
    },
    "@angular/platform-browser": {
      "src": "../../../../../node_modules/@angular/platform-browser/fesm2022/platform-browser.mjs",
      "file": "@angular_platform-browser.js",
      "fileHash": "13fb1dfa",
      "needsInterop": false
    },
    "@angular/router": {
      "src": "../../../../../node_modules/@angular/router/fesm2022/router.mjs",
      "file": "@angular_router.js",
      "fileHash": "2d00db6f",
      "needsInterop": false
    }
  },
  "chunks": {
    "chunk-UZF5QNGM": {
      "file": "chunk-UZF5QNGM.js"
    },
    "chunk-2HEBDTGR": {
      "file": "chunk-2HEBDTGR.js"
    },
    "chunk-MRUW4HX5": {
      "file": "chunk-MRUW4HX5.js"
    },
    "chunk-2QDPCBAK": {
      "file": "chunk-2QDPCBAK.js"
    }
  }
}